<?xml version="1.0" encoding="UTF-8"?>
<!DOCTYPE generatorConfiguration
        PUBLIC "-//mybatis.org//DTD MyBatis Generator Configuration 1.0//EN"
        "http://mybatis.org/dtd/mybatis-generator-config_1_0.dtd">

<generatorConfiguration>

    <properties resource="jdbc.properties"/>

    <context id="example" targetRuntime="MyBatis3">

        <plugin type="org.mybatis.generator.plugins.RowBoundsPlugin"/>

        <commentGenerator>
            <property name="suppressAllComments" value="true"/>
            <property name="suppressDate" value="true"/>
        </commentGenerator>

        <jdbcConnection driverClass="${jdbc.driverClassName}"
                        connectionURL="${jdbc.service_url}" userId="${jdbc.service_username}"
                        password="${jdbc.service_password}"/>

        <javaTypeResolver>
            <property name="forceBigDecimals" value="false"/>
        </javaTypeResolver>

        <javaModelGenerator targetPackage="com.wisely.demo.dao"
                            targetProject="src/main/java">
            <property name="enableSubPackages" value="false"/>
            <property name="trimStrings" value="true"/>
        </javaModelGenerator>

        <sqlMapGenerator targetPackage="com.wisely.demo.dao.mapper" targetProject="src/main/java">
            <!--<property name="enableSubPackages" value="true"/>-->
        </sqlMapGenerator>

        <javaClientGenerator targetPackage="com.wisely.demo.dao.mapper"
                             targetProject="src/main/java" type="MIXEDMAPPER">
            <property name="enableSubPackages" value="false"/>
        </javaClientGenerator>

        <table tableName="db_test" domainObjectName="dbDO">
            <generatedKey column="id" sqlStatement="MySql" identity="true"/>
        </table>


    </context>
</generatorConfiguration>
